,username,address,job,phone_number
0,Gilles Petit,"7, boulevard de Thomas
48964 BlancBourg",coordonnateur d'études cliniques,0297398632
1,Claude Salmon,"11, rue Mercier
83077 Lucasdan",chargé de production,01 05 41 07 52
2,Roland-Roland Dumont,"89, chemin Dias
96012 Jacob",trader,0641429872
3,Alex Merle,"14, rue Cohen
24085 Lucas",attaché de presse,0363661764
4,Constance Girard,"715, avenue de Leleu
23352 Collinnec",attaché commercial commerciale,0140579046
5,Xavier Hamon,"57, avenue Matthieu Gillet
76279 Grondin-sur-Pineau",hydrologue,0233521600
6,Laure Barthelemy,"61, rue de Courtois
95039 Garcia-les-Bains",histologiste,+33 3 66 95 48 23
7,Alex Caron,"519, chemin de Dupuy
85178 Pinto",comédien,03 00 09 86 58
8,Jules Hamel,"6, avenue de Delannoy
03443 Coste-sur-Germain",clerc d'huissier,+33 2 02 36 01 00
9,Arnaude-Claude Pires,"217, rue Colin
86224 Leclerc-sur-Le Goff",technicien plasturgiste,+33 (0)6 10 95 54 29
10,Antoinette Garcia de la Lambert,"6, rue de Toussaint
81772 Bruneau",conducteur de machine onduleuse,04 45 66 74 72
11,Audrey Monnier,"rue Théodore Blanchet
45098 Sainte CharlotteVille",webmestre,0535951002
12,Tristan Fernandez,"340, rue Gilbert
94502 Bouchet",consultant,+33 3 72 03 96 85
13,Adrien Leduc,"chemin Guillot
38908 Saint Victor",conseiller en insertion sociale et professionnelle,0538069804
14,Andrée Torres,"92, avenue Lucy Charrier
44977 Sainte Auroredan",employé de chai,0349412439
15,Suzanne-Michelle Hubert,"70, rue Étienne Lucas
86940 Sainte Célina-la-Forêt",ferronnier d'art,+33 4 51 50 97 18
16,Marianne Ramos,"36, chemin Denis Lopez
05247 BenardVille",chef de projet packaging,02 59 92 63 19
17,Laurent Poulain,"802, avenue Benoît Ramos
52524 Costa-la-Forêt",huissier de justice,+33 1 84 32 87 71
18,Astrid Le Besnard,"21, chemin de Fontaine
29798 Roussel",juge des contentieux de la protection,0170915402
19,Nathalie-Paulette Besson,"22, boulevard Peron
25407 Guyon",éducateur de la protection judiciaire de la jeunesse (PJJ),+33 3 44 89 79 62
20,Patrick Carre,"964, avenue Louise Perrier
10420 Raynaud",spécialiste des affaires réglementaires en chimie,+33 1 29 83 18 38
21,Caroline Guyot,"19, rue Astrid Courtois
59362 Rodrigues",conseiller en économie sociale et familiale,+33 (0)6 59 95 57 74
22,Marcel-Honoré Pires,"168, boulevard de Colin
53281 BernierBourg",chef de projet web/mobile,0491557285
23,Émile Maillot,"667, rue de Martel
29475 Jean-sur-Moreau","garde (chasse, pêche, littoral, rivière, parcs nationaux)",+33 6 45 71 85 64
24,Édouard Maillet,"boulevard Jérôme Imbert
04993 Morenodan",officier de gendarmerie,06 95 70 17 00
25,Alix Marin,"25, chemin Weber
16277 FernandezVille",actuaire,01 26 88 28 40
26,Denise Allain,"94, rue de Marechal
86834 Becker",web-ergonome,0177372946
27,Brigitte-Édith Roussel,"41, boulevard de Hamel
55540 Berthelot-sur-Moreau",testeur,0808292792
28,Nath Masson-Besson,"rue Victoire Philippe
83022 Rey",bibliothécaire,0176488576
29,Aimée Picard,"6, chemin de Giraud
91897 Coulonboeuf",ingénieur forestier forestière,+33 1 71 36 99 53
30,Michelle Blanchard,"chemin Eugène Gregoire
62502 Leleu-les-Bains",géologue,+33 4 56 58 57 87
31,Arthur Delattre Le Godard,"28, chemin de Rocher
50416 Sainte Martin-sur-Mer",consultant en solutions intégrées,06 26 81 35 54
32,Geneviève Lucas,"682, rue Véronique Riviere
93666 Gallet",officier marinier marinière,+33 (0)1 46 47 75 01
33,Xavier Lemaire,"867, rue Geneviève Delattre
69017 Sanchez-sur-Pinto",pilote de ligne automatisée (chimie - agroalimentaire - industrie pharmaceutique),02 53 56 64 93
34,Sylvie Perez de Allard,"81, rue Gerard
67333 MartinezBourg",vendeur en animalerie,+33 6 73 91 19 77
35,Frédérique Bonnin,"37, chemin Gérard Prevost
50142 Sainte Émile",consultant en validation,+33 4 25 89 02 25
36,Margaux Dupuis,"avenue Le Roux
27135 Sainte Théodore",charpentier bois,02 42 85 84 54
37,Alphonse Guyot,"27, boulevard de Paul
17572 Sainte Agnès",directeur de restaurant,+33 6 97 29 80 27
38,Valentine Fleury,"6, rue de Francois
48296 Hamel",ergothérapeute,+33 (0)5 81 24 74 38
39,Caroline Berger,"88, boulevard de Lucas
18125 Lemonnier",technicien thermicien thermicienne,03 78 38 07 94
40,Gilbert Bodin Le Rocher,"21, rue Mathieu
26495 Verdier",vendeur-conseil en matériel agricole,+33 (0)5 69 00 61 31
41,Julie-Édith Morel,"540, chemin de Boucher
30527 Grosboeuf",viticulteur,0351747703
42,Françoise Pruvost Le Dupuis,"23, rue Émile Poirier
94737 Mercier",ingénieur frigoriste,02 10 77 50 30
43,Pauline Besnard,"30, rue Pasquier
03590 Joubert",relieur-doreur,0131191569
44,Monique Blanchet,"87, chemin Renée Marie
11722 Guichard",ingénieur opticien opticienne,04 14 27 72 91
45,Susan-Mathilde Legros,"735, avenue Sanchez
36966 Morvandan",ingénieur production en mécanique,06 01 49 88 40
46,Isaac Begue de la Lemoine,"2, rue Alexandrie Pelletier
62076 Fontaine-la-Forêt",facteur d'instruments,+33 5 36 88 53 44
47,Martine Chartier,"38, chemin de Marechal
98847 Cohen",façonnier des industries graphiques,+33 3 23 67 00 69
48,Virginie Berger,"4, rue de Brunel
06365 Saint Marcelle",fiscaliste,+33 5 66 02 98 00
49,Jules Perez,"207, rue Alice Chartier
84593 Riviere-sur-Chauvet",technicien de forge,+33 1 78 16 67 84
50,Gérard Boutin,"50, boulevard de Lagarde
67305 Mullernec",projectionniste,+33 4 58 80 40 95
51,Jeanne de Guibert,"64, boulevard Grondin
99430 Allain-les-Bains",soudeur,+33 2 10 47 47 06
52,Sébastien-Alexandre Blanc,"7, chemin Margot Andre
00359 Lefebvre",assistant de service social,+33 (0)8 00 70 66 92
53,William Boyer,"42, chemin de Faure
73370 Faureboeuf",responsable approvisionnement,+33 2 39 34 41 55
54,Emmanuel Hardy,"929, chemin Céline Faure
52014 Verdier",acheteur,03 53 31 93 64
55,Amélie-Paulette Berger,"7, chemin Grondin
89795 Leduc-les-Bains",pilote de ligne,01 81 54 84 24
56,Émilie Renault,"89, rue Léon Torres
99748 Gomes",boucher,01 31 07 08 26
57,Isaac-Stéphane Moreau,"729, avenue Schmitt
31816 Fournier",tailleur de pierre,05 55 73 54 11
58,Lucy Hubert-Schmitt,"4, avenue de Roger
97613 Saint Renée",pharmacien,+33 6 84 28 81 73
59,Marc du Cousin,"78, avenue de Delaunay
01091 Regnier",chargé d'affaires en génie climatique,+33 2 97 80 72 95
60,Christelle Roche-Weiss,"38, rue Brunet
36053 Regnier",chargé d'études en marketing,+33 4 37 28 10 13
61,Adrienne Pascal,"boulevard Martel
34832 Alexandre",acheteur,+33 1 08 14 16 06
62,Pauline Rossi,"854, boulevard Daniel Lesage
65638 Leconte-sur-Seguin",ingénieur intégration satellite,02 09 49 35 12
63,Patrick Philippe,"49, avenue de Diallo
20543 Mailletdan",responsable de laboratoire de recherche,06 46 15 79 61
64,William Fouquet,"12, avenue Hoareau
73815 Poulain",ingénieur technico-commercial technico-commerciale en électronique,0800274649
65,Marie Lopes,"rue de Lombard
90155 Texier",directeur d'hôtel,+33 (0)2 81 92 55 99
66,Michelle Louis,"1, rue Laure Marechal
64234 Sainte Julien",ouvrier plasturgiste,+33 1 63 21 76 48
67,Alphonse Riou-Menard,"31, rue de Voisin
62817 Voisin",ingénieur en construction navale,+33 2 76 79 34 89
68,Nicolas-Yves Pichon,"37, chemin Ferrand
01921 Rioudan",architecte naval,0111060183
69,Nath Leduc,"boulevard Céline Poirier
28441 Morin",vendeur conseil caviste,03 63 12 55 10
70,Odette-Stéphanie Adam,"293, rue Diaz
67966 Prevost-sur-Carlier",pilote de ligne,+33 6 36 23 36 21
71,Antoine Wagner,"21, chemin de Marin
44657 Bonnet-les-Bains",ingénieur pétrolier pétrolière,+33 3 47 77 32 69
72,Arthur Carlier,"8, boulevard Charlotte Chauvet
57183 Couturierdan",vitrailliste,01 15 59 39 33
73,Hortense Guilbert,"24, avenue de Foucher
22504 Antoine",responsable de laboratoire de contrôle en biologie,0227907649
74,Émile Rodriguez,"6, chemin de Leclercq
30263 Saint Édith",secrétaire d'édition,05 39 29 64 25
75,Simone Thierry,"chemin André Deschamps
42037 Ribeiro-la-Forêt",technicien de police technique et scientifique,0407264245
76,Stéphane Petitjean,"chemin Christophe Leroux
00144 Dumas",secrétaire médical,0172847810
77,Thibault Bourdon-Samson,"961, rue de Robert
23853 Saint Alex-les-Bains",gérant de portefeuille,0499866862
78,Théodore Renard,"5, boulevard de Georges
48053 De Oliveira-les-Bains",ingénieur en imagerie médicale,0344297787
79,Marc de Da Silva,"359, avenue Étienne Paul
43671 Rossi",conseiller en insertion sociale et professionnelle,+33 (0)2 93 61 46 91
80,Émilie Lelievre,"boulevard Gérard Lecoq
97112 Payetnec",chargé d'études ressources humaines,+33 1 28 49 30 63
81,Michelle Laurent,"43, chemin Lemaire
99066 Voisin",horticulteur,0176940347
82,Célina Foucher,"boulevard de Lecoq
79494 Berger",formateur d'adultes,+33 1 20 48 83 45
83,Claudine Germain,"653, rue de Costa
45426 Lelievre-sur-Guillon",scripte,+33 2 45 73 71 35
84,Laetitia Pineau,"336, rue Bourdon
83075 Wagner",attaché d'administration,+33 4 36 39 30 69
85,Adrien Lebon,"44, rue Julien Delmas
67062 Faivre-les-Bains",technicien en lignes haute tension,0691154186
86,Danielle-Élise Lenoir,"458, avenue Emmanuel Fournier
54878 Fleury-sur-Besnard",statisticien en analyse sensorielle,+33 (0)1 34 68 56 24
87,Zoé Girard,"4, chemin Paulette Caron
02927 Renault",soudeur,0136203176
88,Lorraine de la Moreno,"12, avenue Claudine Julien
90613 Diallo",rédacteur on line,+33 8 08 66 67 09
89,Adrien Clement,"rue Guillaume
26775 Gros",ingénieur en génie climatique,0618759036
90,Noémi Duhamel,"4, chemin Torres
14005 Hernandez-la-Forêt",directeur de création,0697668905
91,Joseph Garnier,"2, boulevard Jacques Lefebvre
52263 Samsondan",responsable de production alimentaire,+33 (0)1 93 71 72 05
92,Augustin Bernard-Teixeira,"9, rue de Loiseau
08726 Marechal",éducateur sportif sportive des activités aquatiques et de la natation,+33 (0)6 25 19 11 92
93,Christophe Bouchet,"18, boulevard Simon
63369 Gomezboeuf",mécanicien-outilleur,02 33 70 40 64
94,Jeanne Marion,"19, rue de Maillot
81739 BenoitVille",vendeur-magasinier en fournitures automobiles,05 62 91 26 31
95,Nicole-Valérie Traore,"boulevard de Fournier
22638 MunozBourg",ouvrier agricole,0105436312
96,Dominique-Manon Lesage,"9, rue Dias
07584 Maillot-sur-Reynaud",aquaculteur,0691673869
97,Guillaume Barthelemy,"9, avenue de Jacquot
65752 Sainte Richardnec",architecte réseaux,+33 2 88 46 86 84
98,David Lefevre,"68, avenue Constance Lefevre
49845 Legrand-sur-Hamel",hydrologue,+33 8 05 63 38 26
99,Lucas-Tristan Vallet,"15, rue Robert Lacroix
69428 NeveuVille",brodeur,+33 (0)1 45 29 05 82
